id,y
4400,7.265609218615159
4401,6.090001375008196
4402,7.1151607810521424
4403,7.498050675826912
4404,6.1426021030593505
4405,8.335631210411538
4406,6.286428829971226
4407,6.426139903993635
4408,6.173056646337151
4409,8.14750078385975
4410,5.826965111753364
4411,7.540330277017275
4412,5.33523773138553
4413,7.7903525912703016
4414,5.619710822437094
4415,7.792336325723459
4416,6.246137524334968
4417,6.249839277529041
4418,4.8279927234053295
4419,5.758535227769553
4420,6.5210226947761445
4421,7.354954326567976
4422,6.725567784961823
4423,6.3302615197773795
4424,7.100234738492472
4425,5.9608023966603865
4426,6.118721845618506
4427,4.9003664350194125
4428,8.01030697268992
4429,6.058180374807458
4430,6.128707588416307
4431,7.0781113552040225
4432,7.343465371731593
4433,7.399735294777738
4434,6.890392877905417
4435,7.40402550041654
4436,6.505444594572764
4437,7.866164553919873
4438,6.5782826620776715
4439,6.378943977740376
4440,6.401948099409992
4441,5.330056497732489
4442,8.918178660357505
4443,5.718187980479173
4444,6.41610018561402
4445,7.964433520051902
4446,7.017448039365895
4447,6.125500123212546
4448,6.798782974941262
4449,7.735246473025829
4450,8.049547586613903
4451,9.147152715136007
4452,6.053104177847455
4453,8.69249333058835
4454,7.871458465952591
4455,6.352258139121975
4456,5.514880240948973
4457,6.404856292346401
4458,5.991443713366457
4459,7.158338559506151
4460,5.558354267583008
4461,6.1912680869963275
4462,6.365255979399885
4463,5.746313661117829
4464,6.015700962824964
4465,7.418828251448208
4466,5.785565555983258
4467,7.698204627773763
4468,5.050929178084304
4469,7.9365001455516335
4470,7.5334499266316515
4471,6.698912387061594
4472,6.282447478756325
4473,7.114232264311898
4474,7.220109260485203
4475,8.39692289852461
4476,6.467869155620628
4477,6.8163580614766826
4478,6.992002079561298
4479,5.013286964273052
4480,7.1542196958056685
4481,4.722117626390107
4482,6.021571899242913
4483,5.362004153377183
4484,5.6351269880770545
4485,5.458833438976318
4486,6.300385405969675
4487,6.16872085905764
4488,8.049864593472332
4489,5.112730249008411
4490,5.561999646706686
4491,4.120959541009972
4492,7.0368642222134055
4493,6.338490039711657
4494,5.679033404591269
4495,7.430327597489522
4496,7.1073686247649475
4497,6.437262794079192
4498,7.6624955913532995
4499,7.3165224322707285
4500,5.276213809723041
4501,4.772065970315919
4502,8.235493888409541
4503,7.59521845682176
4504,9.03836164726608
4505,6.155698223088112
4506,6.880801788241983
4507,6.429923749606928
4508,6.524681790462466
4509,7.2339122077086655
4510,6.066351869062441
4511,6.143580747720108
4512,5.364253427465348
4513,6.706179372966581
4514,5.478872784132214
4515,6.312723667292898
4516,7.3475639166152975
4517,4.541163457132916
4518,6.697857492089854
4519,6.7142557187694205
4520,5.435809230622081
4521,5.38733162016482
4522,7.042315461794405
4523,6.435180977474964
4524,6.41186386312948
4525,6.778571269796568
4526,7.499096346187351
4527,8.080048653580546
4528,5.041923688572448
4529,8.68010539364096
4530,5.584700601542977
4531,5.706810082456792
4532,7.281772802049894
4533,5.915225475487634
4534,6.59382729061008
4535,6.330511934746853
4536,6.081579280503787
4537,6.750143271506317
4538,5.513886004544301
4539,6.018326698961278
4540,7.9511458929764345
4541,6.4991272977664005
4542,5.034672463002716
4543,9.021205564379477
4544,7.050781378338866
4545,5.940747264510936
4546,6.571748919005211
4547,7.909965180880331
4548,6.10858948987891
4549,8.031623866284386
4550,5.560604355218321
4551,5.103241353438457
4552,5.670145303831523
4553,5.385346969928413
4554,9.104158489276227
4555,6.3176155719410225
4556,7.363507146056073
4557,6.888980406868866
4558,7.717300159266467
4559,5.1980185092566815
4560,5.698317632614359
4561,6.213910586025012
4562,6.743999555402235
4563,7.705689438298493
4564,6.679570303537998
4565,7.650537702741751
4566,5.19355132841054
4567,7.446624214431526
4568,6.193529217196117
4569,5.967753972728867
4570,6.953570915036132
4571,8.404228394678372
4572,6.263575445203234
4573,6.591666323598867
4574,5.452888385086127
4575,5.812932569413266
4576,6.102114892745437
4577,7.422168962593969
4578,6.273637779012797
4579,8.602793479862545
4580,6.626168592475704
4581,6.338591546117775
4582,7.555582778616525
4583,6.1217535323472285
4584,5.434973104978127
4585,5.347493734002992
4586,6.380118383800789
4587,6.276886591676495
4588,5.790245208911599
4589,5.554022877708734
4590,6.329309142702886
4591,6.207943622478719
4592,7.976774658897439
4593,7.082712416788495
4594,8.34098085731863
4595,6.378707057747364
4596,7.787775881079675
4597,6.457508987914321
4598,6.552436700796518
4599,5.3156977773715814
4600,7.305653975948283
4601,6.913073974991885
4602,7.943750952561096
4603,5.133824623031116
4604,6.304465459454679
4605,6.587688171760188
4606,8.192265203316873
4607,7.05206723639716
4608,6.577093766558228
4609,6.252535871893343
4610,7.270891630506266
4611,6.344679924144293
4612,8.276061903293012
4613,8.699817349288669
4614,6.117055017080913
4615,6.7460424201762885
4616,7.534041401114044
4617,5.5224890194647855
4618,6.415027553969192
4619,5.70529091362779
4620,4.038647552461207
4621,6.950158000364091
4622,7.087391062949503
4623,7.6188984722283815
4624,7.509684433081496
4625,5.644950404224926
4626,5.308332301051434
4627,5.5818215628166366
4628,7.399380058422501
4629,5.2319503456795005
4630,6.576320564799168
4631,7.892183325323926
4632,8.276670572812872
4633,7.118682594671586
4634,8.316418639406402
4635,5.853690731054986
4636,6.61210153985715
4637,6.340607339550222
4638,7.026899691547275
4639,4.170416358566169
4640,8.349546438308316
4641,7.711289613294027
4642,6.902475455568103
4643,6.2718900638555475
4644,8.372256290944014
4645,8.265475958888771
4646,9.120800424583058
4647,4.30109856095428
4648,5.923654012454782
4649,5.926250641881759
4650,6.062444914962162
4651,6.044497407283102
4652,5.991921814972614
4653,5.923743048918075
4654,5.985073104381082
4655,5.458036695026519
4656,7.135995054964319
4657,6.597555074925253
4658,6.81280863417243
4659,7.085484553524222
4660,5.726458914671112
4661,5.30368096451519
4662,8.018056573279939
4663,5.289736583548911
4664,6.313059813605483
4665,6.118797445189979
4666,6.81907563936755
4667,5.53626165292897
4668,6.547472935169692
4669,7.227649329971766
4670,8.280103531209146
4671,7.944279569686836
4672,5.990553095814347
4673,6.453001445522432
4674,5.5350062074062665
4675,7.313604886416879
4676,6.481306135970474
4677,9.031241135108825
4678,8.130325438069764
4679,7.539720100884205
4680,6.784436371926549
4681,6.717733511665739
4682,8.039864031461276
4683,5.2953505524919615
4684,6.8174804228636985
4685,5.342520278930683
4686,5.1336052866205115
4687,6.226402879959277
4688,6.28687395217537
4689,8.605964816469958
4690,6.111436845025262
4691,6.768726248012688
4692,8.264671059571917
4693,6.977354499946999
4694,6.244712273422217
4695,7.377163397148949
4696,5.908754528159537
4697,6.309210214012828
4698,8.311367835145447
4699,7.666151950977927
4700,4.772622264782273
4701,8.484875050553748
4702,7.598371288067222
4703,8.115660599216774
4704,8.687686677816417
4705,7.007942776941718
4706,6.553934536646702
4707,6.634360664866349
4708,6.133869439863114
4709,6.411888009162197
4710,4.2605333494026185
4711,5.286782290870796
4712,7.32564011128037
4713,5.022537523932685
4714,6.275377387152494
4715,6.1988857641285025
4716,7.515763426003865
4717,6.712595291524229
4718,6.371433611847592
4719,5.6174015593971145
4720,6.122727311252122
4721,8.026767256076655
4722,7.2956149543015485
4723,6.678842826674692
4724,7.60005568502978
4725,6.141221955644309
4726,5.786751760882143
4727,5.584887845246933
4728,6.4484633900383
4729,7.9424392507499215
4730,6.93984684449437
4731,6.373423591909022
4732,7.391776387589272
4733,7.420459016832299
4734,6.909744739284866
4735,5.42689919204395
4736,6.9868066335460295
4737,7.092362969061299
4738,7.145177832745348
4739,6.26690663557853
4740,6.999941857964808
4741,6.444828401529992
4742,6.517876747869608
4743,6.1121258511745244
4744,5.4444654068810845
4745,6.364620305809476
4746,6.116009567620287
4747,6.650370782426742
4748,6.19124477435491
4749,6.644038671036335
4750,6.4083499755947715
4751,4.521744936066408
4752,6.23328912120856
4753,6.359093576660885
4754,7.219575422989791
4755,5.621689267417519
4756,6.4335489578282035
4757,7.971456342690842
4758,4.671860272190351
4759,7.084837725630129
4760,5.915109608784962
4761,6.071821953900338
4762,6.681100586096847
4763,8.29709005378958
4764,6.774507960561527
4765,6.7211835439087055
4766,6.512968962802147
4767,5.916369300310046
4768,7.681125750213777
4769,5.761759449149737
4770,7.210441533969967
4771,8.153265113608436
4772,7.570899844183974
4773,6.764055171535998
4774,5.438552061867695
4775,5.401676214406002
4776,7.211458922341313
4777,6.126275144999309
4778,7.578748432202838
4779,6.730836368285444
4780,6.390952392872487
4781,5.162636175193714
4782,6.164559070683107
4783,6.183971052026385
4784,6.175636302627733
4785,6.464220697816951
4786,7.727544419552963
4787,5.689875787886938
4788,5.054962783389237
4789,8.473932712668107
4790,5.982862640810109
4791,5.751672129623865
4792,5.3399849844874305
4793,6.875965572097088
4794,5.56189072127987
4795,5.585563217250691
4796,7.020316055078832
4797,6.610935886075315
4798,7.551091733661029
4799,5.607357495418354
4800,8.25765079079455
4801,6.422860570539808
4802,6.225708263871512
4803,5.814365405024937
4804,6.662816000502776
4805,8.051899905327565
4806,6.375940740269416
4807,7.465180934817599
4808,5.051616811547115
4809,3.9813183515031394
4810,6.260870841357515
4811,5.365847649966428
4812,5.667700079095105
4813,7.048914673690827
4814,6.941881873240362
4815,7.674995849957555
4816,8.20975627998373
4817,7.314721850760057
4818,4.795642379304064
4819,4.082169447448731
4820,7.544111653847336
4821,6.397076066725687
4822,8.030179015319494
4823,6.526384663065917
4824,6.736207542730192
4825,5.385756975837304
4826,6.801819400710064
4827,7.747960810263047
4828,5.8823461848042555
4829,6.345962684012145
4830,5.964845505838307
4831,6.279164280466342
4832,6.085608205834733
4833,3.9517351706562547
4834,7.885848978766856
4835,6.509236709364792
4836,4.784971823740497
4837,6.749099764175926
4838,4.012779489762928
4839,5.947219914459215
4840,6.4098219598926685
4841,8.350733780666733
4842,7.181212060109769
4843,6.422519923875928
4844,5.560985714747906
4845,6.561385021465427
4846,6.243975535217576
4847,6.792573404989509
4848,7.8265735340756795
4849,6.230784078222173
4850,7.68206634373796
4851,5.721894464267863
4852,6.08343638109654
4853,6.332211261239975
4854,6.8210404792587145
4855,6.783793309383499
4856,5.321176688759623
4857,7.479803131112168
4858,5.273180828763527
4859,5.376967504348851
4860,6.286639830270467
4861,6.007426706942445
4862,7.505240113395545
4863,6.1242908740495565
4864,6.556342803758623
4865,7.233453382596844
4866,7.062862870453306
4867,5.914800247618557
4868,7.737222715321126
4869,6.945185329621064
4870,8.012695702901146
4871,6.898418923051904
4872,8.350247588619881
4873,6.092164276793864
4874,5.482505673336542
4875,7.849184728794882
4876,5.802473831111996
4877,5.814090555070004
4878,5.192056696475103
4879,7.66044683449088
4880,7.532679600797272
4881,7.671953063388046
4882,5.29078692336607
4883,5.616366986657244
4884,7.627992224545796
4885,5.9950509272132955
4886,6.7007548238971255
4887,6.949012957666244
4888,7.000721566889776
4889,7.623402707456406
4890,7.700083192958017
4891,7.737859197996378
4892,5.986954901921198
4893,7.366816771498851
4894,6.241520653769193
4895,3.8518015493750912
4896,6.385558486464415
4897,6.648572396795338
4898,6.2941220670647064
4899,8.115225252872541
4900,4.172925698192512
4901,8.17674472476243
4902,6.002098551220735
4903,6.491794781265813
4904,7.482258487375129
4905,6.697543485247638
4906,7.62031792075887
4907,4.951179495042009
4908,6.072412361194962
4909,6.648999133058286
4910,6.491828539834992
4911,8.855003890314418
4912,7.503128977276807
4913,5.250378177961928
4914,6.038561512803774
4915,7.037721501722343
4916,6.106476214279538
4917,5.549387144385147
4918,7.4641890357263545
4919,6.895203597779746
4920,6.126242152696377
4921,6.767424490018403
4922,8.600951370339809
4923,8.053651391550414
4924,6.9867833428567385
4925,5.642076897940838
4926,5.9400827487232535
4927,6.696382752203758
4928,8.393067333515267
4929,7.8685353198856625
4930,6.435743253760425
4931,4.744630693289781
4932,6.648491686602325
4933,7.592291416305046
4934,6.677895681061921
4935,6.81995110369322
4936,7.374351342907764
4937,6.579638704172208
4938,7.0008094768850855
4939,6.676726147402534
4940,7.084460359197671
4941,6.236795879495886
4942,6.679790261287577
4943,6.88836368806331
4944,6.672088403924063
4945,6.664907702231246
4946,7.508003029989741
4947,5.92634379964837
4948,6.042309926409141
4949,6.01287057306499
4950,9.017197834072972
4951,9.124806856781818
4952,8.939809146704112
4953,6.3923828810879435
4954,5.662750140116781
4955,7.159119099866355
4956,6.258831957594213
4957,8.493098700363825
4958,5.59839163706517
4959,6.791545826132476
4960,6.927098150458042
4961,7.2098650521898335
4962,5.288394898612754
4963,7.486649920322562
4964,4.967938263328326
4965,6.790435749123772
4966,4.171042431688397
4967,7.143645446417138
4968,6.430761805829975
4969,5.4704856782347075
4970,6.040222898261245
4971,5.524568656105425
4972,5.490059609325782
4973,7.765790338965632
4974,7.388914638235732
4975,6.498031383352013
4976,6.947710239309459
4977,7.77215221180229
4978,6.382875289637009
4979,6.611908974569027
4980,8.14210304149092
4981,4.68876690420506
4982,5.825369528056078
4983,6.939715277477985
4984,6.161865037120213
4985,8.168417099574256
4986,7.452240365236789
4987,6.678418815797556
4988,5.703718309196417
4989,7.475258609594151
4990,6.980342263729245
4991,6.288934897045559
4992,6.140159147953837
4993,6.503784702912178
4994,7.054141451008812
4995,7.04557601225021
4996,6.143974451253131
4997,5.388673584154568
4998,4.927663237821567
4999,6.299353976915436
5000,5.195900599174653
5001,8.01194620257694
5002,7.203983240092395
5003,5.525876582677895
5004,7.458313139958162
5005,7.342302349332614
5006,6.258351180489723
5007,6.426872184137304
5008,5.661291763583886
5009,7.982997409760589
5010,6.502695842167606
5011,5.611105652360522
5012,7.769922400081831
5013,6.256713847314147
5014,7.158429714263293
5015,6.367745175473763
5016,6.887933782720794
5017,7.634680912951968
5018,6.862435618081946
5019,8.957937861731045
5020,7.730811322816912
5021,6.178813933079505
5022,5.870270501654993
5023,6.213603051228794
5024,4.728791916199781
5025,6.120477469305721
5026,5.829118220234348
5027,6.018799403355398
5028,5.363076496371127
5029,5.522318973567521
5030,7.02070492262083
5031,7.638176142106536
5032,7.369377732486754
5033,6.9768652266275035
5034,7.534373864374361
5035,6.161006700143259
5036,6.083343491323678
5037,6.934886844680336
5038,7.175543408436122
5039,7.743274119005289
5040,6.133565756757225
5041,6.0002369826554665
5042,5.080886266281157
5043,8.026782052996724
5044,5.063328389290204
5045,7.385305671600843
5046,7.201201709039384
5047,7.114389300232742
5048,4.733985312972664
5049,5.47262598435903
5050,5.80736177076487
5051,8.190070365605207
5052,7.6162381768185545
5053,7.903871223431858
5054,6.677020645506064
5055,5.824526740093078
5056,7.153176478027505
5057,6.2180956130709015
5058,6.215173026234279
5059,5.703476828695549
5060,5.4506287356340035
5061,7.478185488659965
5062,4.501852008451017
5063,6.468773509166885
5064,8.257657567230876
5065,6.603717081134068
5066,5.3413370223271865
5067,7.641397502775517
5068,9.086128640935579
5069,7.8406488806573496
5070,7.171152315885544
5071,6.626131328376377
5072,6.652310524469179
5073,6.21934038375528
5074,5.438849317117379
5075,8.22430714827711
5076,8.550967905904066
5077,7.617560279868489
5078,7.385892627236562
5079,5.429913002853669
5080,6.560610221630161
5081,5.670685312961992
5082,6.07021717691835
5083,5.460080513040622
5084,5.841101387723293
5085,5.742100150129849
5086,4.96114490419125
5087,6.7276930152706065
5088,7.0700436935653554
5089,6.997837332569532
5090,6.960773302648509
5091,6.849545143802821
5092,5.885273796378532
5093,7.270033890047306
5094,5.572480759905538
5095,6.11361146001408
5096,6.391683324748625
5097,6.80209080500908
5098,7.654832354018127
5099,7.836988702602488
5100,6.888025644568114
5101,7.452438902383427
5102,6.28889108246049
5103,6.939893926912378
5104,5.046170805005707
5105,6.914373043292829
5106,7.973509632436916
5107,8.902151880747844
5108,6.881630628700196
5109,5.9888402657822715
5110,7.113035973797891
5111,7.448434217007142
5112,5.864614396551596
5113,7.9018171983210435
5114,6.093712743933721
5115,7.163454729851674
5116,5.774599726163181
5117,6.221544237550495
5118,7.571529916983679
5119,7.0962349331985095
5120,6.9195105646307535
5121,4.65610045015561
5122,6.195699915062039
5123,6.3351755475856795
5124,6.96570856096813
5125,6.473269835846008
5126,7.002611174026056
5127,7.451184350859276
5128,7.5670151415602005
5129,3.938451905392435
5130,7.94021184166233
5131,5.65046780618712
5132,6.2083205164955215
5133,6.865318755059608
5134,6.265722401101524
5135,5.971101395185059
5136,6.571570054498931
5137,6.183695062994844
5138,5.346864946166114
5139,7.286775356850967
5140,8.544652506043207
5141,6.366842525515401
5142,5.581412972980428
5143,7.874563948163004
5144,7.508496125909569
5145,6.39740510526771
5146,5.942820690565116
5147,8.017776679468968
5148,6.3426276376796284
5149,7.3116762156747575
5150,6.386420988735908
5151,6.184769752830614
5152,6.589115040240301
5153,6.446386882505196
5154,5.884644141683355
5155,6.0788705151164075
5156,8.080255353075062
5157,6.256930230632638
5158,6.803978488427878
5159,7.6464935028857735
5160,6.625168698364223
5161,7.147593258309642
5162,6.6591487378709955
5163,8.53546345978962
5164,8.118822067459678
5165,6.438015534666758
5166,5.684288046124417
5167,6.528305405725728
5168,7.538447868029115
5169,7.395500003906576
5170,6.1501600972717805
5171,7.19913213980106
5172,6.173042616585519
5173,5.361780406772771
5174,7.483314593057523
5175,7.475013709026972
5176,6.686534530450108
5177,5.024624732171804
5178,5.752631893534729
5179,7.373133065159233
5180,6.231073907794069
5181,7.536330224318481
5182,5.512136205609364
5183,7.653386543455599
5184,7.180290215874536
5185,5.811760128365998
5186,5.135548841658639
5187,6.945031507694191
5188,5.611570570603362
5189,7.488438336156789
5190,6.614505337878347
5191,5.0162258716531625
5192,6.95573740477367
5193,6.009385977102089
5194,7.804460456709193
5195,7.26925451439401
5196,6.0253796783565345
5197,7.065762269350371
5198,6.509277881041755
5199,7.774751770508139
5200,6.55365542274235
5201,8.98140921546819
5202,8.084329249831972
5203,4.714585353676931
5204,7.50616732728866
5205,8.74950873539733
5206,5.289435735199586
5207,7.031270541031391
5208,6.326953144724888
5209,6.675043163791519
5210,5.8970628817147235
5211,7.521117796135902
5212,7.134680940261254
5213,6.47807433105994
5214,7.992313013919347
5215,8.653308854345257
5216,6.514016256135287
5217,7.516127290716174
5218,7.0008160729043105
5219,5.804904032648079
5220,6.344511659151898
5221,6.5009790213582255
5222,7.274973466973938
5223,9.114107304779235
5224,6.338422675400639
5225,5.945391668198669
5226,6.183208110952872
5227,6.527143906406523
5228,6.682641241754874
5229,5.429748620438599
5230,7.750564244186183
5231,8.29709005378958
5232,7.298292559725533
5233,5.660915112661402
5234,7.251531491567855
5235,7.90151294678946
5236,6.58894862100428
5237,7.084837725630129
5238,4.801089911899264
5239,6.465467576520882
5240,6.230308499626444
5241,7.729951086326015
5242,5.8574183327172715
5243,6.498065704730447
5244,6.586637395123996
5245,6.988295854741348
5246,6.2891371278625705
5247,7.296014141039609
5248,6.524377623987926
5249,6.126513918220224
5250,5.321369987336658
5251,4.239780708511551
5252,6.524853325570388
5253,5.826772534465075
5254,5.994173214731386
5255,6.969475732147433
5256,5.386425707104121
5257,8.532746987747528
5258,7.490938273808075
5259,6.7101382988533915
5260,6.476947211580796
5261,6.097656032540481
5262,6.7749098114649
5263,6.299474932679995
5264,5.906087875392973
5265,6.875020177498282
5266,4.680370661776513
5267,7.397518086905648
5268,5.886416536194698
5269,6.622422739709208
5270,5.756546528925952
5271,6.569365192170737
5272,6.221952248668272
5273,6.255573420251936
5274,6.9037712500740325
5275,6.591994756638823
5276,7.09658625366819
5277,5.076077399010632
5278,8.447959899231474
5279,6.0029619387977835
5280,5.97711903773292
5281,9.089420733342484
5282,7.571866409228631
5283,7.037470737514457
5284,7.602009786126271
5285,6.175310600137397
5286,6.815218072710911
5287,6.289483052999275
5288,8.231472932361903
5289,6.636689457246268
5290,8.536578429939285
5291,7.479038721071098
5292,7.900296421782514
5293,7.669640133918352
5294,6.3461440566732685
5295,6.313392537662193
5296,6.379926425218563
5297,6.902199481275768
5298,4.512964677079407
5299,6.818777809944703
5300,5.860363134158815
5301,7.694157769583053
5302,6.782687974201761
5303,7.676577712919583
5304,5.884419063650391
5305,4.466871755290197
5306,6.378144822483367
5307,7.130168448745996
5308,6.30349110720913
5309,7.4783247472336924
5310,5.453059360030124
5311,6.974619273233548
5312,4.262559042267935
5313,6.9416289012254095
5314,7.117095416419186
5315,6.891762103455656
5316,8.09811807772192
5317,5.718145330653029
5318,5.920157920065741
5319,7.670346437687762
5320,7.350156627248504
5321,7.145397091974417
5322,7.188859784429659
5323,5.669901373433907
5324,6.904042100297744
5325,6.194436166638551
5326,6.4561792738094015
5327,5.856143053057004
5328,7.207437183176066
5329,8.440474061188372
5330,6.210063990137735
5331,5.70936971453006
5332,5.317171368238059
5333,7.468732896942712
5334,5.397818398022483
5335,7.73742139315714
5336,6.970811890963387
5337,6.849952441036302
5338,5.975970695163104
5339,5.8718979012848544
5340,7.092157097656919
5341,5.983800752168478
5342,7.3470246615268024
5343,6.8818234054612155
5344,5.914691461853327
5345,4.999995657076905
5346,6.29589631442038
5347,4.4898298128784315
5348,7.006794820441806
5349,6.533646878892515
5350,7.156798896225593
5351,8.033190157062567
5352,8.948761282217005
5353,7.34486033188683
5354,6.76543647565219
5355,7.679245478930775
5356,6.771872478428728
5357,7.097013138834163
5358,5.755789141012639
5359,5.314011832430874
5360,5.467134012983259
5361,6.801217578818421
5362,7.201868064827517
5363,5.155620395779584
5364,5.708925125951249
5365,5.017363625740193
5366,5.955790230960901
5367,7.692777694039597
5368,6.670213946928754
5369,7.353700688038447
5370,6.644294185914873
5371,8.96558356923447
5372,7.555453431837427
5373,5.362909106325616
5374,7.440921950514036
5375,6.297416186510759
5376,7.134449033987352
5377,7.061128731847313
5378,6.933872204597196
5379,5.470354877162008
5380,6.157607435752921
5381,7.243673869478451
5382,9.056374703049668
5383,6.107699659074256
5384,8.887632433021174
5385,7.186337195045191
5386,6.84330325848627
5387,6.262133205092562
5388,6.365223720691818
5389,5.987185887271949
5390,6.972017787336328
5391,6.229966805988498
5392,5.5800696807000465
5393,5.474329905898055
5394,6.109296370154072
5395,6.613307560390597
5396,4.57160399318966
5397,8.331310134357102
5398,6.24424217091297
5399,6.408376538403357
5400,7.578859809247085
5401,6.82384076774328
5402,6.036239405480346
5403,5.437446648338974
5404,7.936391076790576
5405,6.532817277515132
5406,6.555972273884238
5407,5.818424704527771
5408,8.136327242147676
5409,5.678454226335661
5410,6.468459586500639
5411,6.706058126292062
5412,7.07353578076896
5413,5.535395460403206
5414,7.024240681545533
5415,8.55981156029454
5416,6.478962044013858
5417,6.226236900720092
5418,8.939700029575226
5419,7.638989387282312
5420,6.669648774136343
5421,5.742736897177702
5422,5.384762349788689
5423,4.450195972197381
5424,6.279273069420519
5425,7.473246596424343
5426,6.566427396055915
5427,6.218654364241868
5428,6.9226980922530545
5429,5.098711909388564
5430,7.020584001168557
5431,4.4727834758997185
5432,6.630564159828005
5433,7.0751243270580675
5434,7.630162845833455
5435,6.232781498951696
5436,5.5011874308477795
5437,6.379319647226823
5438,6.411275689006829
5439,6.919799927097723
5440,6.705918576434051
5441,6.666975306385837
5442,5.205038141685073
5443,7.9002357310985225
5444,7.855203611262696
5445,5.6541271250557665
5446,6.1530247013551245
5447,6.339489053844254
5448,7.247401643540918
5449,6.775188341967978
5450,5.606503201223551
5451,5.0919468581769705
5452,6.7342534374338285
5453,6.2530477783459055
5454,5.91795128778389
5455,5.879953628371403
5456,8.464811846470653
5457,6.980648361513358
5458,6.201447192896016
5459,6.292014750675605
5460,8.038526313936218
5461,5.4773693562664745
5462,7.254602638698091
5463,5.082050083441437
5464,6.943855047173145
5465,5.869165621114729
5466,8.266306640901394
5467,5.778490718217728
5468,5.723890100877718
5469,8.013092768231267
5470,7.8984099990214505
5471,7.809402931016167
5472,5.992753627897747
5473,5.325411252675034
5474,6.4645037384608175
5475,6.474886829014523
5476,7.373697916998294
5477,7.839142644339097
5478,7.266311333671528
5479,6.1090399376921285
5480,6.134625440254803
5481,6.792259648980649
5482,7.2269712174907905
5483,7.929021841798922
5484,7.637957874018325
5485,7.682341726965416
5486,6.537630777482719
5487,8.010426197066485
5488,4.90271888085775
5489,6.819714454350178
5490,8.054390021468844
5491,9.02271236920698
5492,6.334959046747543
5493,6.612810509544602
5494,6.309711290964291
5495,7.979862138651548
5496,4.959414090504785
5497,5.907236940039565
5498,7.0756785215059725
5499,6.853935011287508
5500,5.383592845676125
5501,7.3292589404154596
5502,6.0035807628452815
5503,7.507672165494199
5504,7.834252972716116
5505,6.2946567736611
5506,7.448750264130251
5507,8.32595046001446
5508,5.698277113819407
5509,8.130562447568103
5510,6.5860012616624495
5511,6.330128686672547
5512,7.401257517167003
5513,6.703460292834693
5514,5.983202103304568
5515,5.550016653430478
5516,6.995766829763764
5517,6.562802950094413
5518,5.302746525565329
5519,5.917083046360333
5520,4.786998838748307
5521,6.955167522769025
5522,7.3774853783614125
5523,5.761604416212471
5524,6.5009509065289945
5525,6.4814958888117475
5526,6.260748773277441
5527,7.780033508866277
5528,7.367691562999835
5529,5.1793465926805675
5530,6.325373763211946
5531,7.024423992357907
5532,6.43912609351236
5533,5.268095267007318
5534,5.5652171111060795
5535,6.268904250249145
5536,5.566692115630481
5537,6.818229899824596
5538,9.059886501023593
5539,6.753979242768576
5540,7.332822246841562
5541,6.4348594341607415
5542,6.0567785260413025
5543,7.174778264102826
5544,7.386944685556307
5545,6.122177946266276
5546,7.128382499572755
5547,6.722588443299787
5548,5.6601499346323685
5549,6.974755894574531
5550,9.122539725347403
5551,8.643003055898873
5552,6.0882902955226
5553,5.9392407470339785
5554,6.895945200927827
5555,5.16868930775626
5556,6.098652977467526
5557,6.289060115880615
5558,9.094585697871691
5559,6.630378758732114
5560,5.616688288852267
5561,8.282636738316713
5562,6.142798826372817
5563,5.645977160410298
5564,7.154098959899328
5565,6.759617693038797
5566,5.744100454134674
5567,7.138599829317351
5568,6.472184316356749
5569,8.581587084487895
5570,7.348826262299755
5571,8.583946466593607
5572,7.229156567031887
5573,6.3346483538149085
5574,8.480937848299053
5575,7.088604317628351
5576,7.311405405452977
5577,6.754189610668947
5578,7.45088722148948
5579,5.967549404308003
5580,6.913205586599872
5581,6.413526204240193
5582,6.342476100984949
5583,6.340365718043094
5584,7.128489349483434
5585,6.180294702450953
5586,5.208738085376792
5587,5.107838686041255
5588,7.037723065631928
5589,5.853198235551567
5590,6.925473553912477
5591,6.42534609519679
5592,6.647950579505732
5593,7.797333716221948
5594,5.322561093444287
5595,8.54746590125313
5596,5.389623062419219
5597,6.781772452987253
5598,6.195099709374251
5599,6.30745891827408
5600,5.00418334613448
5601,6.578715079958516
5602,3.701980084974008
5603,5.123341050317975
5604,7.264522423000998
5605,6.740396162999329
5606,5.9234575689470255
5607,4.772179394985437
5608,5.715105801399513
5609,7.945521710838161
5610,8.412440651418837
5611,5.618145932713377
5612,7.873393112893891
5613,6.757699579793203
5614,6.810312209007711
5615,5.523801578016778
5616,6.145555012551183
5617,5.729226580421676
5618,8.424422383365357
5619,6.533514361158874
5620,5.600846913815247
5621,6.945867264756953
5622,6.617742842329702
5623,6.700566904352021
5624,6.618530259898219
5625,5.223859226823911
5626,5.416167950434725
5627,8.186012898667109
5628,7.632434511562857
5629,7.617081718879999
5630,8.091958699782175
5631,6.833330063812415
5632,8.5181518242055
5633,6.445854580624867
5634,5.264732893609892
5635,5.944787966285315
5636,8.47045576543164
5637,6.938882875278233
5638,6.831351915864635
5639,5.532393279637396
5640,5.30800799510732
5641,5.629619946105433
5642,7.036191658545883
5643,6.775625484497588
5644,5.927756586811467
5645,5.11885486636747
5646,5.405766675461304
5647,5.814695921746533
5648,8.22977144672979
5649,6.146325145127959
5650,7.332333799259265
5651,6.020791043887749
5652,6.28437030170169
5653,7.360045190387509
5654,8.119480753491311
5655,6.908570017610742
5656,5.281812540001268
5657,7.306042999820969
5658,5.629106528611959
5659,5.385346969928413
5660,4.970589774503465
5661,6.851240405927384
5662,6.036681963592783
5663,6.314554576374953
5664,8.068038698188495
5665,6.813840628988535
5666,8.250015721612199
5667,8.316564054817265
5668,7.37845151604336
5669,5.007403366059814
5670,5.685500639164777
5671,6.749439048729491
5672,8.298354018780167
5673,5.469703159036687
5674,7.130670510796532
5675,7.031424617716899
5676,6.596670742049327
5677,6.131446564187313
5678,7.314645740122372
5679,6.356322346177008
5680,7.41159852283822
5681,5.660462726038818
5682,9.175824153970103
5683,6.102624889221491
5684,7.128061692751978
5685,6.866952828063147
5686,7.225480455802935
5687,6.897433339841679
5688,5.656145491519254
5689,6.396815706466925
5690,7.761646981153103
5691,6.957433954734544
5692,6.186623218819416
5693,7.530384464505286
5694,6.243833266866047
5695,8.999501776977656
5696,7.9923133185054205
5697,7.497549307425681
5698,7.890342732599097
5699,4.705170599676636
5700,7.663486678974453
5701,6.545826089122179
5702,5.689372654112541
5703,7.747369848760139
5704,6.2458646466376395
5705,5.906555726502602
5706,5.315181843973578
5707,6.22073667253297
5708,5.971797855945766
5709,6.548274824601918
5710,8.063415120554192
5711,6.500059003839658
5712,4.196045347023728
5713,7.134245044538756
5714,6.058112583810592
5715,4.943837319576464
5716,5.812196791360209
5717,6.828471228569023
5718,6.29516155110934
5719,7.688328096006883
5720,6.386143774024484
5721,6.745393667221597
5722,6.450765148792752
5723,7.761609568521385
5724,6.386691775163553
5725,5.7772797085523875
5726,5.844632299177506
5727,7.358757758631507
5728,6.371740390192491
5729,8.527943666565626
5730,6.260402093613429
5731,6.901159873752032
5732,7.224870101337019
5733,5.479687892121655
5734,5.679843579570882
5735,6.973567961986103
5736,7.729796762166569
5737,6.520460183090182
5738,6.457036093469802
5739,6.5207341878491665
5740,6.536492219410589
5741,6.410199377095729
5742,6.349711919502625
5743,6.269638362719707
5744,5.865148168996006
5745,7.413565873099447
5746,5.5111936886282145
5747,4.561151435043636
5748,5.830527295033466
5749,6.045585993856256
5750,5.4988398026154
5751,5.79204418847585
5752,9.001079278513714
5753,5.576257824301582
5754,7.880373363131257
5755,8.288664370783813
5756,5.494371666744531
5757,6.472709050606071
5758,5.192775767585304
5759,6.857443544498184
5760,5.75411464645646
5761,6.789512688664039
5762,6.054956503919758
5763,8.25610814226008
5764,6.293918482346343
5765,8.551423433906075
5766,6.163089949908726
5767,7.186446255503074
5768,6.2585172973341034
5769,7.106165464942966
5770,5.429018289243588
5771,6.386646313215224
5772,7.849266977182545
5773,6.326467822609036
5774,6.67769165508725
5775,7.679642586037383
5776,5.360438023429129
5777,5.38226100629546
5778,6.444720810078007
5779,6.6525545065607385
5780,7.1592292088919285
5781,7.443610835264813
5782,5.529878170074063
5783,6.249092931476605
5784,6.793542732140647
5785,6.12859600746408
5786,5.084294826320349
5787,6.5089334246893475
5788,6.504473776725191
5789,6.896098572576878
5790,6.446722060525456
5791,6.045839201562788
5792,6.5789790214158685
5793,6.111162323970483
5794,8.473150471021944
5795,6.053867088668311
5796,5.797728265748711
5797,7.10509960653039
5798,7.221081931848635
5799,6.926468112231743
5800,6.369564284344351
5801,7.814556941984156
5802,6.048629833974422
5803,6.693002907054403
5804,5.7690038250490785
5805,6.9009428803686195
5806,8.579794176417726
5807,8.813485888781132
5808,6.584772726662991
5809,7.273977276025855
5810,7.282984831911756
5811,4.77287621334677
5812,6.997992396062365
5813,5.764964082026035
5814,6.0351342193214075
5815,8.386759640343332
5816,5.504869380996927
5817,6.210933770902456
5818,5.339751119822132
5819,5.166815655566032
5820,5.398609601040051
5821,5.131220660598862
5822,6.093895326511395
5823,5.4561434101165345
5824,7.508931040067205
5825,8.833505391953883
5826,5.884052140161613
5827,7.215792092694041
5828,6.717141508904554
5829,7.461157400681432
5830,6.42263821980188
5831,5.23912785342162
5832,6.157003569933959
5833,7.446071657751634
5834,7.057050707634646
5835,7.446585398337808
5836,6.425653498729439
5837,5.357365361653235
5838,7.209250752697038
5839,5.380926446740177
5840,6.412375812026458
5841,6.166650905905694
5842,6.10061061443048
5843,7.897559647700485
5844,7.5605670034221415
5845,6.859874413817148
5846,5.293503594395529
5847,4.497266721576233
5848,5.92942886639306
5849,5.55251295856081
5850,5.142822613205067
5851,7.076267680397217
5852,4.085722855016589
5853,4.721227399388678
5854,7.077439972882281
5855,8.800768380064214
5856,6.611743039591749
5857,7.107018990734311
5858,8.31269927910015
5859,6.655586391594036
5860,8.442368047371911
5861,6.01672429127217
5862,5.961612759344201
5863,5.991273922183052
5864,7.217351708032161
5865,5.5607658579804555
5866,4.797112403220976
5867,8.513507702407162
5868,4.993201887167367
5869,7.431543178505243
5870,5.921441871650704
5871,6.568975691352973
5872,7.144141739442039
5873,6.3889348040898595
5874,5.004588006787658
5875,6.421559113814085
5876,7.484896768514565
5877,5.75126691764815
5878,5.279831954255642
5879,4.816160198503552
5880,6.469374091608212
5881,5.4689351906565875
5882,6.948805815781663
5883,7.824228827648529
5884,7.150215270769654
5885,7.500679217792192
5886,6.501179062658075
5887,6.934817829042482
5888,7.649980724410888
5889,4.970589774503465
5890,5.3016829557396
5891,6.375727645756716
5892,4.925271409156097
5893,4.700203932803219
5894,7.0785810001670795
5895,7.044346634859568
5896,8.754254977902587
5897,7.732136503131876
5898,6.564438843744629
5899,8.910779195807317
5900,7.774092386945659
5901,6.89310624156337
5902,7.836924125396234
5903,6.070874457836059
5904,7.045059499508731
5905,7.756741282443418
5906,5.390757600497169
5907,6.836108776026219
5908,7.087008689731439
5909,7.150283603373242
5910,6.6126381752006935
5911,5.6139078135423945
5912,7.433013721030067
5913,6.312825298758902
5914,5.909332445831419
5915,6.72419361735052
5916,6.159284889299479
5917,7.01556264819372
5918,5.9715190064468775
5919,7.145398369302168
5920,6.589660050521978
5921,5.739410848032005
5922,5.471466123813184
5923,7.254749258420201
5924,6.859759789157764
5925,7.220281198776158
5926,5.859976676669934
5927,6.744171618090163
5928,5.703704890281732
5929,7.476630600876408
5930,6.965501612831458
5931,5.384376738119275
5932,7.8426080593811776
5933,6.815953853007614
5934,6.47432047361704
5935,7.654148535887397
5936,6.120060444465655
5937,7.039092054456489
5938,6.449553389453431
5939,5.479891678889767
5940,7.727778306249778
5941,5.56538519004333
5942,8.462864563710076
5943,6.546644134015058
5944,5.702664414879559
5945,7.458998316028248
5946,5.798836178570711
5947,7.037707251833521
5948,9.089420733342484
5949,8.289651426730941
5950,6.366904079239842
5951,7.154904972288134
5952,7.244479963826043
5953,7.912566736929486
5954,5.644688504900103
5955,7.6615933768886295
5956,7.218314830029045
5957,6.535099364895013
5958,6.174017766036126
5959,7.214029146195767
5960,8.310885704754545
5961,5.2490971376604865
5962,5.596743579662338
5963,8.194733597709003
5964,8.101333322648038
5965,7.895831770134367
5966,5.828405332408535
5967,7.38323241106059
5968,6.284581474822643
5969,6.022528727596455
5970,5.4003389849581245
5971,7.569092728307556
5972,8.70917753944301
5973,6.674153946590824
5974,6.97617819499238
5975,5.3808157406029204
5976,6.984209912501886
5977,6.49294864087738
5978,6.5628584043096305
5979,5.700367011020179
5980,5.707197377516807
5981,6.298934056417842
5982,7.515854637119595
5983,7.642545417129184
5984,7.648552645295734
5985,6.517128269213051
5986,5.513205786477484
5987,6.320477051397185
5988,5.493252956722075
5989,5.781056639448574
5990,7.519654356982706
5991,6.4616033859325235
5992,6.645305181329556
5993,6.313304926308958
5994,5.581892531166623
5995,5.688144636309593
5996,7.021875952823502
5997,6.440461132850344
5998,6.015831288566711
5999,4.77818259519857
6000,7.674511984792148
6001,6.11359894956416
6002,7.517025816190518
6003,6.517708802949976
6004,7.885558672125143
6005,3.6989697871888394
6006,8.763873694115475
6007,6.093157445839898
6008,6.595278337138842
6009,6.434046960649787
6010,7.211909965751435
6011,5.05192329772891
6012,5.621544968678889
6013,6.308522838534146
6014,6.343757564034093
6015,6.044859155367144
6016,7.960445946935254
6017,5.9949231017638915
6018,6.50362301243396
6019,6.164311080629941
6020,6.257070004313043
6021,4.714883851506108
6022,8.614879376929437
6023,5.65403024841764
6024,7.906233849282077
6025,7.2989504592256
6026,5.45363843349681
6027,7.4872690592421085
6028,6.048236217495689
6029,5.271762646538421
6030,6.069175079007615
6031,7.475005847913207
6032,7.617651567850496
6033,6.77777748031319
6034,8.075681693937442
6035,8.986798247364202
6036,7.76767469418752
6037,7.6565384274904495
6038,6.273267556714136
6039,6.635787307404476
6040,5.4957834859857915
6041,7.39099678197584
6042,4.010428260135921
6043,5.1984852798509475
6044,9.123376132779754
6045,6.542201457742566
6046,6.46318977513288
6047,5.378810604632877
6048,8.542352431349824
6049,6.074757564489654
6050,6.3501322894014525
6051,6.670115122502825
6052,6.03532740940446
6053,8.113509884515734
6054,5.996131980848764
6055,8.051271096160491
6056,6.622890647368031
6057,6.940757822653472
6058,6.432857654873893
6059,7.723464234727735
6060,6.102700700534343
6061,6.195503351074791
6062,8.205267407015256
6063,7.7206194868236695
6064,6.19220145728033
6065,6.34621541188602
6066,7.5608249436391315
6067,6.390093975606716
6068,7.223697947020346
6069,5.988060538965998
6070,6.990087354737735
6071,5.803422330550339
6072,7.398837810679387
6073,7.231163794044214
6074,7.85555924479434
6075,7.288182239202621
6076,7.80434717219869
6077,9.056374703049668
6078,6.343445667690393
6079,7.643342260064194
6080,8.001572404227499
6081,7.567425830396506
6082,5.623069094150128
6083,6.706749976941345
6084,6.118080788628012
6085,5.795653011872012
6086,5.105803896002802
6087,7.1990477949845
6088,6.301073892097245
6089,6.692029403055717
6090,8.018362778266308
6091,5.462858054938064
6092,9.163444085538412
6093,7.129015669774841
6094,6.063467986437721
6095,7.0890010799083765
6096,6.759292038262342
6097,7.877084781874247
6098,7.161680903256067
6099,7.131595998701195
6100,6.397813502604228
6101,7.567205088484291
6102,6.627048328963883
6103,6.352251083523431
6104,6.736768167222886
6105,6.43670277454761
6106,5.552772513649164
6107,5.460863833019392
6108,5.462536443655709
6109,4.773135365031862
6110,6.641903290830783
6111,7.71543447277012
6112,8.950666212250312
6113,7.144321898702709
6114,6.536909784646856
6115,6.182527114938081
6116,5.443347457520133
6117,6.090615746274909
6118,7.453497187079189
6119,7.435010708806264
6120,6.305600231751958
6121,8.903778185057549
6122,5.4368121462964805
6123,5.398232944379571
6124,6.981822412415906
6125,8.238565228793995
6126,5.918193317708237
6127,5.072646673081153
6128,6.7074558950471
6129,6.666715225258794
6130,6.57069793925008
6131,6.51219851450642
6132,6.603672125886813
6133,6.678461610028124
6134,6.850523779803281
6135,6.528652904464395
6136,6.5877975596813165
6137,6.865263932157937
6138,6.565776059417924
6139,5.098344010530662
6140,7.638695471408726
6141,6.3732263375564715
6142,5.9792671808063425
6143,8.349459234592729
6144,5.712599692024017
6145,7.236970480012632
6146,6.476284650472105
6147,7.028037850019167
6148,5.993585924660573
6149,7.514318641475432
6150,5.249754711501396
6151,5.650736601266065
6152,7.709542446146843
6153,7.0105988934788295
6154,6.630804405518846
6155,5.417299460115427
6156,7.23464514870605
6157,5.45438677173215
6158,6.4917627497509205
6159,7.568649250291353
6160,7.846922951600343
6161,7.979232211857868
6162,5.561307480078501
6163,6.5866416532192815
6164,7.127296280840422
6165,6.77456701789784
6166,8.376815359496321
6167,6.7359015283414205
6168,7.1516493511756885
6169,7.649992384157115
6170,6.402385563881171
6171,5.056341587962147
6172,6.474837542079445
6173,6.930701801440775
6174,7.763186116903464
6175,6.464888176138143
6176,8.94820361610443
6177,7.266450337595776
6178,6.769284460595499
6179,6.6656550841055555
6180,6.338463756180023
6181,7.4783247472336924
6182,5.66435545322914
6183,7.115925194698325
6184,6.258364297760441
6185,6.853535943812941
6186,8.950289678206268
6187,6.51151433060595
6188,6.3353249192797305
6189,7.082775020682925
6190,6.397624609232051
6191,6.70852587526598
6192,7.074860905013721
6193,8.257139744458987
6194,8.242721949901554
6195,8.249323550669748
6196,6.58501977114324
6197,5.631410754636575
6198,8.389565385484184
6199,6.900424269207088
6200,7.224919169193008
6201,7.26010198684059
6202,8.579501059411678
6203,5.349570469532857
6204,4.093192207778369
6205,6.3708467860543365
6206,7.712881305189915
6207,6.516690865027855
6208,8.488569812875586
6209,6.920081843399453
6210,7.417247380708925
6211,5.1775521257607355
6212,6.951920848568623
6213,6.416405110167862
6214,5.732872610901496
6215,5.611830894805319
6216,8.446589716562174
6217,6.124524501958038
6218,5.5604553441671705
6219,7.995389761555828
6220,6.676448781350562
6221,8.362375415855556
6222,7.296050399340267
6223,6.8719059469244295
6224,7.444063207435045
6225,6.781384731345563
6226,5.314725397608144
6227,7.4645849432888625
6228,7.789221131244505
6229,6.376263625050541
6230,8.090037791598297
6231,6.578967213008719
6232,7.901207010341774
6233,4.09859709815382
6234,6.9731131620642
6235,6.125666836084407
6236,6.648629709523187
6237,6.5563790871829335
6238,7.616656033974158
6239,4.762925110542242
6240,8.197140437966716
6241,8.754924587301439
6242,6.586472636545657
6243,7.065368297809011
6244,7.600780592073671
6245,6.567313825419239
6246,5.888268647179602
6247,8.399541708160028
6248,8.065221252914904
6249,6.242357866945979
6250,7.145736066477467
6251,5.836747409780982
6252,7.952642413299848
6253,7.483076694952732
6254,7.4608171311906
6255,7.9587271937836785
6256,7.130207491466833
6257,6.446831015388706
6258,6.3728499219679176
6259,7.437691640283069
6260,6.090600087514787
6261,6.4996085742125285
6262,8.957737671406228
6263,6.790721998873254
6264,5.394153416722377
6265,5.814976193667569
6266,7.999304689155237
6267,6.013143823024315
6268,7.027697696758544
6269,6.431661873983526
6270,6.833662188281449
6271,7.550682513451326
6272,5.558729455960219
6273,7.203145811514921
6274,6.482137402616696
6275,6.345798173643418
6276,7.545658575465576
6277,7.385848272113097
6278,6.702852674180942
6279,7.727793815992427
6280,7.117515989090316
6281,7.726217200370473
6282,5.279590654289595
6283,7.690122340941798
6284,7.345421798953604
6285,7.560939193179472
6286,6.858308271140422
6287,6.154855137688766
6288,6.141892705919645
6289,7.304606461004045
6290,8.004499213267247
6291,7.824870613475453
6292,7.425152192334423
6293,5.771702036445537
6294,5.618574849795912
6295,4.82619745950359
6296,7.041499215853982
6297,6.737375168718204
6298,7.270671665507242
6299,5.390708189977986
6300,7.817628150805058
6301,8.312425452784419
6302,7.938266120784997
6303,6.550652170805639
6304,7.704544378919104
6305,7.3095134356604445
6306,7.50228430763196
6307,6.507511197623858
6308,7.146184409053554
6309,5.0709454530472895
6310,6.801026584737888
6311,7.665419433255264
6312,6.170065941451281
6313,7.029167749363519
6314,6.406710934650382
6315,4.748173134608184
6316,5.592408072009663
6317,7.088186860138036
6318,7.549480738102017
6319,5.640155687513248
6320,7.4550486219228285
6321,7.582554645831674
6322,5.878051917719528
6323,4.252550269962276
6324,6.40925548721375
6325,7.578715480270847
6326,8.45213304999116
6327,7.62424896013679
6328,6.310356967411718
6329,8.344507891407432
6330,7.280731214672294
6331,6.298483585263033
6332,6.064410886125728
6333,6.182352701059261
6334,8.472287279142966
6335,8.305450602513456
6336,6.702360525661548
6337,6.269315242424459
6338,8.833358975538044
6339,7.761609568521385
6340,7.763186116903464
6341,6.0433035851872
6342,6.582359528422964
6343,7.088518132582387
6344,6.384646960621419
6345,8.511508206322695
6346,6.5732849130032704
6347,6.6844805878839235
6348,8.557088575127452
6349,6.335595638494051
6350,7.233832304185381
6351,6.254120711701294
6352,7.478802576455675
6353,7.5171475027007535
6354,6.781678313389442
6355,6.4688878711687865
6356,7.760868553925834
6357,7.728063074341054
6358,5.214835813521481
6359,5.416822040635633
6360,4.578205674900443
6361,8.965286891751331
6362,7.079651980963154
6363,6.3637770190291425
6364,6.566234613001049
6365,7.161794801869826
6366,6.545439584102848
6367,8.139195179983485
6368,7.564129925022234
6369,7.101705148781496
6370,6.928350378584799
6371,5.5867200094034875
6372,7.616945812077239
6373,4.999995657076905
6374,5.9224015425759475
6375,6.409015409146588
6376,6.4615383146154635
6377,8.247893169658232
6378,6.243262592189242
6379,6.771259691487185
6380,6.884350035076517
6381,7.234366552593359
6382,6.064190061802946
6383,7.380198755386519
6384,7.8685353198856625
6385,7.176272942324296
6386,7.6113763795154314
6387,5.318231165051717
6388,7.727001545473124
6389,5.362907613783475
6390,6.561067436526457
6391,7.550550133922906
6392,6.677834431402906
6393,6.417826227432357
6394,5.489885597827482
6395,6.3187927985575705
6396,5.807648804380209
6397,6.917362913733701
6398,6.2036664544533355
6399,6.045953509001342
6400,7.197760600485553
6401,6.793008145828887
6402,4.846578622897245
6403,7.321184560019804
6404,6.550531120647393
6405,7.940612480733611
6406,7.826432970945544
6407,5.405080547059249
6408,6.701928092914533
6409,6.550535640299018
6410,6.758942379385734
6411,6.6643518871380145
6412,7.448474127372071
6413,6.879984453461409
6414,7.4161102643627155
6415,5.852666337383638
6416,6.2703001655363035
6417,7.25501816778737
6418,6.676980089251435
6419,6.168365037076524
6420,6.885044247626784
6421,6.25353606472298
6422,6.85176585642684
6423,6.9813187317518635
6424,6.870234227006657
6425,7.422276722563931
6426,6.278939775904317
6427,6.874177144464246
6428,6.514563364051289
6429,5.444383204751501
6430,6.86893442316674
6431,7.892328908607921
6432,6.372054934788764
6433,6.243147311080192
6434,7.037841213780162
6435,6.886909549075645
6436,5.882648772512674
6437,6.549681453500576
6438,6.953273001732574
6439,5.891459350366135
6440,8.551894384747067
6441,6.57417634843221
6442,7.447787825074674
6443,6.268124074477974
6444,6.093248431945406
6445,6.81601030434606
6446,7.106300258297611
6447,6.403752171204329
6448,8.339769265662916
6449,7.958448443915546
6450,6.812582324476104
6451,5.216510377806486
6452,5.364313244863702
6453,6.562354704389172
6454,8.738569699468218
6455,7.927395048823099
6456,7.565459856840559
6457,6.437644598438751
6458,5.922718673349781
6459,7.110566315882019
6460,6.746687546206329
6461,8.804060955212538
6462,8.749744477317524
6463,6.740515238885236
6464,6.95955564710049
6465,5.991758828748637
6466,6.038245040136489
6467,7.572240530248721
6468,7.981123943054606
6469,6.037187400234879
6470,7.9831439979963825
6471,6.0308159645387445
6472,7.97032279289087
6473,5.938210702133486
6474,7.537057225292097
6475,7.3794721683641304
6476,6.137024775475925
6477,5.961695455473082
6478,6.608853950633503
6479,6.617771455546575
6480,6.732499370681982
6481,6.614019779156116
6482,6.687339229467523
6483,8.359140007566722
6484,8.556145284031091
6485,7.493985270524136
6486,5.560179542098119
6487,6.149059054568649
6488,6.648933056670353
6489,6.148038423323536
6490,6.552141130953238
6491,6.252924336415865
6492,6.9347286116881675
6493,6.272173269908439
6494,5.354631294750534
6495,7.796818586428233
6496,6.200335087071859
6497,7.535798301536058
6498,6.123984659812376
6499,6.0067126648273685
6500,6.166076482756199
6501,6.5336260487711
6502,6.362275179848021
6503,6.9877832015886705
6504,8.438602717257542
6505,6.473571137128756
6506,8.545448444740563
6507,6.420327166519549
6508,7.244288582367264
6509,6.359728916294301
6510,7.180040092278149
6511,5.410258904010974
6512,8.647647067879747
6513,6.809498939906121
6514,5.910484099631816
6515,5.285684878478621
6516,6.504892058281606
6517,6.2740305465384685
6518,8.094189957021616
6519,7.922853491245707
6520,7.569061920608316
6521,5.892407981221689
6522,6.883652039481863
6523,7.269612760816801
6524,6.282580378384775
6525,7.766824137154461
6526,4.807674119880088
6527,7.850964952754817
6528,6.320141583563689
6529,7.303845102122497
6530,5.633426785725812
6531,5.762078733492618
6532,5.507560641504242
6533,5.549753474829024
6534,7.070711007606146
6535,7.979107839968054
6536,6.2200887764496535
6537,6.624612494964141
6538,5.299438581545002
6539,4.9610444995988265
6540,6.136823468143126
6541,6.385817567929726
6542,6.915013191577727
6543,6.5735867186953385
6544,7.555899153219403
6545,4.341390719762564
6546,6.505941202293399
6547,7.724868622717337
6548,5.688734060250307
6549,6.02428173700363
6550,6.278051528234407
6551,5.467210611229499
6552,5.434469956376853
6553,6.830970920015792
6554,8.090037791598297
6555,7.326520552745081
6556,5.348442307856657
6557,8.33526862712535
6558,7.304188036882837
6559,6.93085817065435
6560,4.883644910373823
6561,6.12140781715945
6562,7.241367304133302
6563,7.140521608998069
6564,6.719558608453756
6565,8.221325554602254
6566,6.1777378078016
6567,8.441293042947175
6568,5.515813422595688
6569,8.036755419684367
6570,6.152856332819161
6571,5.729532056206244
6572,6.166186750664337
6573,6.990910551086617
6574,6.453321992327119
6575,5.285843364307022
6576,5.150197512350493
6577,5.896554443694562
6578,6.555813421560041
6579,7.535322149000348
6580,7.311198009729827
6581,7.263824627915154
6582,6.295630137966103
6583,7.088842755305335
6584,8.323351236590248
6585,6.476357486672002
6586,6.956869404999176
6587,7.224861953456366
6588,6.4027694791424725
6589,6.540613461722647
6590,7.330043927426682
6591,6.407042959427781
6592,6.176761941191143
6593,7.436132943319132
6594,6.338576715219102
6595,6.37446879575925
6596,7.014169035073213
6597,6.52540641604829
6598,7.732642054609475
6599,7.126016096974408
6600,6.111463392089916
6601,5.314755832521903
6602,5.19036858225137
6603,6.3940402399392084
6604,6.499404166458257
6605,7.968479260511053
6606,7.911236734609431
6607,6.760080714530368
6608,4.108394272360358
6609,6.672916347800461
6610,4.98921898506411
6611,6.3285913601555315
6612,7.789212980780565
6613,6.796456583542163
6614,5.805144930938396
6615,7.007870147658995
6616,7.551424482403786
6617,8.200934748975072
6618,8.67328955371178
6619,7.703288748438599
6620,7.619355511150591
6621,8.247750000165539
6622,6.845645384021382
6623,6.112758878298882
6624,6.57386939957511
6625,4.707565552910319
6626,7.58496617062664
6627,5.41188782912297
6628,7.912431656918382
6629,8.114801886991906
6630,5.62740527063975
6631,6.713074633167519
6632,7.058693871013404
6633,6.589227902143304
6634,7.100706344236039
6635,6.044069954119809
6636,6.0869268343581995
6637,6.990776229130192
6638,5.364501435751318
6639,6.900651641460071
6640,5.918590896635189
6641,5.813343833753606
6642,7.356746751819304
6643,8.390733409343888
6644,6.085582906487282
6645,6.501406212840036
6646,6.5806635077950135
6647,7.720615676940171
6648,6.170671256660148
6649,7.536107875114296
6650,5.623747610454546
6651,6.074501863037417
6652,7.829516385540135
6653,7.677287489264325
6654,7.527800993117927
6655,6.068377090418068
6656,6.346906276010796
6657,7.189506781634728
6658,5.573420298467991
6659,7.053146654096463
6660,6.410888619871835
6661,4.095781002726077
6662,6.429729274358531
6663,6.163446772630973
6664,6.90808359921693
6665,5.328373819657514
6666,6.748682866835177
6667,6.123268512033852
6668,5.6713299610154175
6669,5.723374743416676
6670,6.724444945574005
6671,6.221901644163128
6672,6.6993206965910534
6673,9.033575832792936
6674,6.6309086064513005
6675,6.345739144320069
6676,7.604583476203576
6677,7.865509003802279
6678,6.646485130356531
6679,7.520418626650121
6680,7.485256583545325
6681,5.906587114664449
6682,7.202111673427956
6683,5.385781951024269
6684,5.047194085940061
6685,7.176988162673383
6686,5.629524576596673
6687,6.805512002241386
6688,5.818130354631345
6689,8.155164675039597
6690,7.676890358583952
6691,7.32140779649608
6692,7.0823409276307085
6693,6.6147987099530825
6694,6.443097731302572
6695,6.96439874930182
6696,5.778417788897101
6697,6.0793796964417925
6698,5.4982276533122345
6699,6.473768561225154
6700,6.454734928538187
6701,8.140619791603578
6702,7.607175379639875
6703,6.108585481467978
6704,5.662628518041041
6705,8.618307868436089
6706,6.331467831605
6707,6.102197101532824
6708,5.002147132143898
6709,7.335562237248174
6710,7.443566312872868
6711,5.659990413628541
6712,6.212219603707118
6713,7.174774782730935
6714,8.750706293510952
6715,6.605799282619759
6716,7.833971824402813
6717,6.923494949417663
6718,6.99295854507748
6719,7.722368812480876
6720,5.885426117081241
6721,7.013626655200128
6722,5.5537329699436695
6723,6.195878870823304
6724,6.2687093104701095
6725,5.987030290407099
6726,5.969272117641719
6727,8.880326743130402
6728,7.98794525270152
6729,5.793973506018123
6730,7.858559373778281
6731,6.419728475576854
6732,6.0719867347847325
6733,6.4295693961932265
6734,6.419502929802959
6735,6.723909060914937
6736,7.834910955926224
6737,6.323606128572489
6738,6.824480935971405
6739,6.1469174634695
6740,6.651340298000525
6741,8.28058145893727
6742,5.746517766030413
6743,6.7768564951095405
6744,7.847428750532317
6745,6.408998724172571
6746,6.902290056346389
6747,6.092105471526959
6748,5.738510272706107
6749,5.29311453003344
6750,6.325534180038487
6751,5.803308897781864
6752,6.503546269156484
6753,8.084305507581536
6754,7.779436011578711
6755,9.039031014687286
6756,8.225030149970314
6757,6.499780480662227
6758,8.257914794178177
6759,6.295685528846662
6760,7.6229234289109105
6761,7.085484553524222
6762,5.380809792207048
6763,6.167261734069452
6764,6.519105318480338
6765,3.728000602371769
6766,5.362600768680269
6767,5.637775304316839
6768,8.200585343559244
6769,6.914786789990116
6770,7.77502676648187
6771,6.5701612254278725
6772,6.840398509698647
6773,6.556112910554457
6774,7.632113016590132
6775,7.285866334664016
6776,7.5704180788002695
6777,6.428054924818168
6778,7.205547338604184
6779,6.7024397729727685
6780,5.421238954992523
6781,7.649390997599828
6782,6.913721813405408
6783,6.376568087503857
6784,5.190771919575969
6785,5.115090083940535
6786,6.831355521863887
6787,7.906655851375413
6788,5.591751344233732
6789,5.581412972980428
6790,8.286862262697547
6791,3.701980084974008
6792,7.627894315742248
6793,6.574816307724418
6794,7.612649747019573
6795,6.65654674207128
6796,6.564929106995989
6797,6.183438734019438
6798,7.522667965533876
6799,4.930742183465735
6800,7.697015023641824
6801,6.463061834439283
6802,7.461499143355488
6803,5.381380819324931
6804,6.529731986067571
6805,5.563841046385253
6806,4.046897036276949
6807,8.139085748073555
6808,5.390189002598584
6809,5.502593497512995
6810,7.66062768912521
6811,7.422813377725252
6812,4.903942544917392
6813,5.716493406422021
6814,6.297333242692497
6815,7.739298483191061
6816,6.640689309935668
6817,7.303319524850911
6818,7.861143982647886
6819,6.666286016595386
6820,6.1549171976154335
6821,8.079389921471543
6822,5.712562933122753
6823,6.674725768704097
6824,8.269958011210063
6825,6.922962076607416
6826,6.836369137776687
6827,6.481537051839082
6828,7.721541161899584
6829,6.41344530125711
6830,6.9205009782811295
6831,7.301762743874824
6832,6.423401158206827
6833,8.131100859933959
6834,5.621539997457339
6835,6.030164042778023
6836,6.268105552099554
6837,7.986000115420081
6838,5.34683116584713
6839,5.421414874801273
6840,5.127270920497312
6841,7.284956589247952
6842,7.65115968826435
6843,7.042168494224377
6844,7.159765318341162
6845,6.232540697596352
6846,8.05868223870825
6847,7.462573945742486
6848,6.568158188144192
6849,7.577646350194454
6850,6.641880611309283
6851,9.12712603330729
6852,6.094358951148987
6853,7.2792766586401925
6854,6.360880699533462
6855,5.894351610762165
6856,6.923200122817584
6857,6.467462096073994
6858,5.8102237357690525
6859,9.168488265824571
6860,7.427956902362694
6861,7.442894448102632
6862,7.8176059046492465
6863,5.684711682765615
6864,5.892656914205961
6865,5.606147990582772
6866,6.5600190248917265
6867,6.826916073435233
6868,8.325033024169892
6869,4.115715716352801
6870,8.791293534915804
6871,5.332786292041797
6872,5.214668874231591
6873,3.970785830614297
6874,4.885399292475652
6875,7.09387880631274
6876,4.0958017796483865
6877,5.339756616602633
6878,5.314238587954438
6879,7.4600277779468085
6880,7.485763524983749
6881,5.708644685885622
6882,4.120500544307161
6883,6.161632716580685
6884,7.652859929565397
6885,7.074785278162888
6886,7.047526686788814
6887,5.881570698284303
6888,7.3354919333416015
6889,8.485990612823667
6890,5.027085955008641
6891,5.699422616069235
6892,5.718645590862701
6893,8.29709005378958
6894,9.072383022005893
6895,7.220841438388396
6896,5.6439138902353045
6897,7.48940292598882
6898,6.194676991320917
6899,6.850405128874653
6900,7.763599228158841
6901,7.721163677594137
6902,7.135883307917783
6903,6.076869024082351
6904,5.711956507511701
6905,7.263487848965342
6906,7.455866872875698
6907,6.8666740101296515
6908,7.637968749237067
6909,8.36684380514722
6910,5.75643273032393
6911,8.890157333065643
6912,8.135645135278674
6913,7.664552277621448
6914,6.476651421063643
6915,7.185093862839057
6916,6.817521322116103
6917,6.967012303915993
6918,6.9584513355480615
6919,7.205019267474264
6920,6.530624641568209
6921,6.163625674734765
6922,8.232490838390468
6923,4.579833648479652
6924,5.315940359451745
6925,6.883405903664263
6926,7.182042123917949
6927,6.6346975027096065
6928,8.082138982059591
6929,6.2591321136910345
6930,6.584476083221228
6931,6.700816440334638
6932,5.896116189660344
6933,5.7219585397064305
6934,7.229619680494122
6935,8.154847704930773
6936,6.075092825708014
6937,6.8812808487656785
6938,9.11796178954866
6939,8.122873158020502
6940,7.114183756853224
6941,6.624930548192144
6942,7.789425755485917
6943,6.108883867360561
6944,5.487185915585827
6945,5.808908562619879
6946,5.410392490639052
6947,8.553102327241298
6948,6.2911102774659025
6949,7.085375719739025
6950,4.429378573652919
6951,6.546629529827628
6952,5.600051807244131
6953,4.016686325023992
6954,6.673723812670224
6955,4.109175675281698
6956,8.751241654665911
6957,7.490856317550781
6958,5.724441146007148
6959,6.523245052371944
6960,5.637836110201529
6961,7.4773504274146365
6962,7.4580249309563875
6963,6.117939194762543
6964,7.197469109336756
6965,7.607842811328644
6966,8.23093510692615
6967,6.627019056478707
6968,6.852509857122962
6969,6.30062462971176
6970,6.810312209007711
6971,7.04239567311801
6972,7.104247532558223
6973,8.217102927627339
6974,8.200136566621687
6975,6.98223404968306
6976,5.161088386157952
6977,5.774589288849366
6978,7.138897093254945
6979,5.9997843183618365
6980,7.698528387665979
6981,7.259993523968826
6982,7.660814170164401
6983,5.291278057475502
6984,4.737821315955329
6985,5.76658944963816
6986,5.8907170010340755
6987,7.205670413815816
6988,6.7890283610235
6989,7.034566265811688
6990,6.539016335489506
6991,6.805491609830088
6992,6.193358852392715
6993,8.238565228793995
6994,4.0043738127594874
6995,6.698883468158747
6996,7.518006087403985
6997,8.11175780751268
6998,7.737180254255917
6999,7.253346076010932
7000,8.200117925515528
7001,6.606440260871381
7002,7.56386412006491
7003,6.204371540871781
7004,7.155495725287896
7005,5.387462954733511
7006,7.600598597906294
7007,6.929904636720178
7008,9.043544797095025
7009,7.54616975708013
7010,6.615636274995413
7011,6.278419813808464
7012,7.411194304951908
7013,7.427937480019002
7014,7.553692323750527
7015,6.910522514255984
7016,6.170898320116278
7017,6.558248838771636
7018,7.652813718890724
7019,6.366858288178829
7020,6.2281032671933625
7021,5.227589130013046
7022,4.200477203499274
7023,8.388724262334776
7024,8.341517960875967
7025,5.490092409416206
7026,7.27540138564314
7027,9.043549940701133
7028,8.112147217071053
7029,7.07593024389174
7030,7.941202110822198
7031,6.24140847333999
7032,8.190070365605207
7033,6.44879302918559
7034,6.221808902201877
7035,5.814181207519941
7036,6.000201786947115
7037,5.752705657315913
7038,6.638751033838784
7039,6.703474733851338
7040,5.565194281457201
7041,4.720228661900572
7042,7.120634723421393
7043,5.517263958697087
7044,4.9231854229241465
7045,7.279572592397602
7046,6.438832956544091
7047,6.748137906947643
7048,5.9914133900999165
7049,6.269054843168321
7050,6.316905862835439
7051,6.945405706493074
7052,7.4437615428274375
7053,5.965986841793988
7054,6.271899407893275
7055,5.059208736456732
7056,7.741863850867076
7057,5.581892531166623
7058,8.448347411703777
7059,7.440953947754972
7060,6.131292371383464
7061,7.489637447771619
7062,7.024874474432308
7063,5.5524582352234475
7064,5.933507206165354
7065,7.2211876443587855
7066,9.237207974983194
7067,6.782232985890775
7068,7.078354476657309
7069,5.650410891112561
7070,6.306928051970482
7071,7.569612502402053
7072,5.930138504363919
7073,4.715817572977346
7074,7.1959628996968465
7075,7.0441445387664405
7076,7.215388573145302
7077,6.415036195647899
7078,6.920331299766298
7079,7.134325774365606
7080,8.823783614259817
7081,7.009280809977908
7082,5.992739694434804
7083,7.976040507782379
7084,6.2768312224197595
7085,6.838355827414981
7086,7.480423075746932
7087,7.143566562007011
7088,9.168488265824571
7089,7.810844265527023
7090,3.7871635157627126
7091,6.002420688246524
7092,6.722036112779925
7093,6.062879413415033
7094,7.836786716854518
7095,7.723728697247358
7096,5.890475325141164
7097,6.450504094124951
7098,5.250890746543472
7099,7.41522866882759
7100,6.333917953940594
7101,6.714774615622956
7102,7.793851151809024
7103,7.23235318871342
7104,7.59107449353224
7105,6.450099936328254
7106,7.448621735830434
7107,8.445153255777582
7108,7.242554795234872
7109,5.359901308695514
7110,7.877835222716339
7111,5.970775527423395
7112,5.429040427964777
7113,5.522025309389513
7114,7.192373893187341
7115,8.418722968678738
7116,7.220580820540861
7117,6.905390002360742
7118,7.264114864207505
7119,5.5524254602449306
7120,6.779600148484567
7121,8.12794275868088
7122,6.397083094712834
7123,5.273180828763527
7124,8.984044844335124
7125,5.137063613435357
7126,7.476906359092364
7127,5.179976200148642
7128,5.406349230208333
7129,6.629317457356295
7130,8.208366746932896
7131,7.944674369869403
7132,5.410812135827473
7133,6.648086025538699
7134,5.585746772236576
7135,6.766149589164699
7136,5.917932720769387
7137,8.112147217071053
7138,7.56063573295124
7139,5.921224577355485
7140,6.308044023286212
7141,8.94820361610443
7142,6.113090517494097
7143,6.535710883668915
7144,5.1601725127304645
7145,5.387497278713371
7146,6.007538031742034
7147,6.9247127225254745
7148,4.8578818404946995
7149,7.6061978889682305
7150,8.00488304381436
7151,6.197974411116136
7152,6.149859037239718
7153,6.291594513411219
7154,5.179575287138996
7155,5.05305808018129
7156,5.893518200834282
7157,7.168655238042752
7158,7.577147245959171
7159,7.966370403483356
7160,7.19120612617101
7161,6.465746159072093
7162,7.480990585062919
7163,4.598374018976162
7164,6.012197387122208
7165,6.235156051862157
7166,6.5207874233506145
7167,5.816462484150462
7168,8.224793402052098
7169,4.758306271210341
7170,6.05165692716719
7171,5.703048313007343
7172,6.113418072373297
7173,4.764749297782857
7174,7.389299298305308
7175,6.780119634612516
7176,9.09825601970401
7177,6.804372913321954
7178,6.845588916262171
7179,7.585011063219608
7180,5.929765079087779
7181,6.518158603516139
7182,6.3490300707615885
7183,7.329376672577948
7184,5.370677534767333
7185,6.507021094065838
7186,6.320580017952221
7187,6.284954563935348
7188,6.289654728904303
7189,5.678590010593707
7190,5.76041159743865
7191,9.052091645704964
7192,7.5000097096672835
7193,8.763032442709479
7194,5.512647750273309
7195,6.661750961261618
7196,6.58577976567729
7197,6.113899421664676
7198,6.627170363759996
7199,6.157595190777247
7200,6.168128882490509
7201,6.381502193847633
7202,5.577182754750965
7203,5.326288854852459
7204,7.470102205319758
7205,7.465537091889543
7206,6.565648943883271
7207,7.73843604302429
7208,7.136612429719707
7209,4.457994826024307
7210,7.123272194406057
7211,8.224954265944476
7212,6.448329084305916
7213,7.81496978511439
7214,8.014351652973689
7215,7.018296226749917
7216,7.19288803947906
7217,4.024355219146971
7218,7.652665107033219
7219,5.976252817393797
7220,5.937493297275896
7221,7.465284869964819
7222,7.718003969138496
7223,8.530169605718381
7224,7.071746120869222
7225,6.034892530779229
7226,7.935301172880389
7227,6.3106144759997305
7228,7.015200242228633
7229,5.144850953874056
7230,7.18445733344497
7231,8.216122935611665
7232,5.970775527423395
7233,6.601484651949813
7234,6.144124528922532
7235,8.038321246882855
7236,7.450278890557512
7237,6.20045594566331
7238,5.332365245567377
7239,5.173217231232986
7240,6.683728532914558
7241,5.893071028419094
7242,7.606318867202468
7243,7.596017254609233
7244,6.194997204298287
7245,6.076061028572148
7246,5.236599107387486
7247,6.9900025454402055
7248,7.393935556031953
7249,6.044559372054238
7250,6.034018826637099
7251,6.211233200904555
7252,8.132065164556298
7253,6.834197579185091
7254,4.534566074471764
7255,5.137035991671379
7256,6.043465588495557
7257,5.1651455698562145
7258,6.840421624738244
7259,6.047321297262199
7260,7.39048436373916
7261,7.357635356525452
7262,9.054229842098344
7263,6.429923749606928
7264,6.6214277313781755
7265,6.311013003062283
7266,6.915565317425051
7267,7.61799387100178
7268,7.108644518065111
7269,9.313974860939798
7270,6.348424810620375
7271,8.28928717902062
7272,8.226096294126185
7273,8.339410858583024
7274,6.3261173352171305
7275,6.141031580164745
7276,4.515166321310291
7277,8.037744652031487
7278,7.572623844274006
7279,6.356719632234009
7280,6.182165923063493
7281,5.565194281457201
7282,6.042088151672285
7283,7.936268203031579
7284,8.931441841149574
7285,6.959264900931908
7286,7.371414910497032
7287,7.558678806783563
7288,5.793254483750793
7289,5.000832991105352
7290,6.578973728294162
7291,5.362597493908986
7292,7.022275542625254
7293,6.3256478067307516
7294,4.101980855104462
7295,5.672984053697527
7296,8.58883593574853
7297,6.794080698190884
7298,6.121249845677173
7299,7.804966331168725
7300,5.579262591264015
7301,7.237150538652698
7302,7.536561382873784
7303,7.364452913141555
7304,5.879938164372383
7305,5.725162773578656
7306,4.943228831776999
7307,5.666080124325167
7308,7.607364345399382
7309,5.82515818246792
7310,5.635574624886694
7311,5.385498667751526
7312,7.779466368851406
7313,8.33142247267631
7314,6.612371135437372
7315,7.671600708141878
7316,4.170828228793836
7317,5.277084828204308
7318,6.7996971088672895
7319,7.292309011102758
7320,5.530677959020253
7321,6.659872129755567
7322,7.802668343987424
7323,7.300809209405449
7324,5.058690725292805
7325,5.890831143097943
7326,6.3998684108366435
7327,6.998944741104287
7328,6.371102951612786
7329,5.9538936810168614
7330,8.014916099472583
7331,7.953233260113905
7332,7.553898014954185
7333,7.080054769074284
